Element Name,Value,
10th Marks (%),"23"
11th Marks (%),"01"
Candidate's Name	,"JIHGKJIHDF"
Centre Code,"314"
MainQuestions1,""
MainQuestions2,""
MainQuestions3,""
MainQuestions4,""
MainQuestions5,""
MainQuestions6,""
MainQuestions7,""
MainQuestions8,"A"
MainQuestions9,"B"
MainQuestions10,"C"
MainQuestions11,"D"
MainQuestions12,"D"
MainQuestions13,"C"
MainQuestions14,"B"
MainQuestions15,"A"
MainQuestions16,""
MainQuestions17,""
MainQuestions18,""
MainQuestions19,""
MainQuestions20,""
MainQuestions21,""
MainQuestions22,""
MainQuestions23,""
MainQuestions24,""
MainQuestions25,""
MainQuestions26,""
MainQuestions27,""
MainQuestions28,""
MainQuestions29,""
MainQuestions30,""
MainQuestions31,""
MainQuestions32,""
MainQuestions33,""
MainQuestions34,""
MainQuestions35,""
MainQuestions36,""
MainQuestions37,""
MainQuestions38,""
MainQuestions39,""
MainQuestions40,""
MainQuestions41,""
MainQuestions42,""
MainQuestions43,""
MainQuestions44,""
MainQuestions45,""
MainQuestions46,""
MainQuestions47,""
MainQuestions48,""
MainQuestions49,""
MainQuestions50,""
MainQuestions51,""
MainQuestions52,""
MainQuestions53,""
MainQuestions54,""
MainQuestions55,""
MainQuestions56,""
MainQuestions57,""
MainQuestions58,""
MainQuestions59,""
MainQuestions60,""
MainQuestions61,""
MainQuestions62,""
MainQuestions63,""
MainQuestions64,""
MainQuestions65,""
MainQuestions66,""
MainQuestions67,""
MainQuestions68,""
MainQuestions69,""
MainQuestions70,""
MainQuestions71,""
MainQuestions72,""
MainQuestions73,""
MainQuestions74,""
MainQuestions75,""
MainQuestions76,""
MainQuestions77,""
MainQuestions78,""
MainQuestions79,""
MainQuestions80,""
MainQuestions81,""
MainQuestions82,""
MainQuestions83,""
MainQuestions84,""
MainQuestions85,""
MainQuestions86,""
MainQuestions87,""
MainQuestions88,""
MainQuestions89,""
MainQuestions90,""
MainQuestions91,""
MainQuestions92,""
MainQuestions93,""
MainQuestions94,""
MainQuestions95,""
MainQuestions96,""
MainQuestions97,""
MainQuestions98,""
MainQuestions99,""
MainQuestions100,""
MainQuestions101,""
MainQuestions102,""
MainQuestions103,""
MainQuestions104,""
MainQuestions105,""
MainQuestions106,""
MainQuestions107,""
MainQuestions108,""
MainQuestions109,""
MainQuestions110,""
MainQuestions111,""
MainQuestions112,""
MainQuestions113,""
MainQuestions114,""
MainQuestions115,""
MainQuestions116,""
MainQuestions117,""
MainQuestions118,""
MainQuestions119,""
MainQuestions120,""
MainQuestions121,""
MainQuestions122,""
MainQuestions123,""
MainQuestions124,""
MainQuestions125,""
MainQuestions126,""
MainQuestions127,""
MainQuestions128,""
MainQuestions129,""
MainQuestions130,""
MainQuestions131,""
MainQuestions132,""
MainQuestions133,""
MainQuestions134,""
MainQuestions135,""
MainQuestions136,""
MainQuestions137,""
MainQuestions138,""
MainQuestions139,""
MainQuestions140,""
MainQuestions141,""
MainQuestions142,""
MainQuestions143,""
MainQuestions144,""
MainQuestions145,""
MainQuestions146,""
MainQuestions147,""
MainQuestions148,""
MainQuestions149,""
MainQuestions150,""
MainQuestions151,""
MainQuestions152,""
MainQuestions153,""
MainQuestions154,""
MainQuestions155,""
MainQuestions156,""
MainQuestions157,""
MainQuestions158,""
MainQuestions159,""
MainQuestions160,""
MainQuestions161,""
MainQuestions162,""
MainQuestions163,""
MainQuestions164,""
MainQuestions165,""
MainQuestions166,""
MainQuestions167,""
MainQuestions168,""
MainQuestions169,""
MainQuestions170,""
MainQuestions171,""
MainQuestions172,""
MainQuestions173,""
MainQuestions174,""
MainQuestions175,""
MainQuestions176,""
MainQuestions177,""
MainQuestions178,""
MainQuestions179,""
MainQuestions180,""
Mobile Number,"1234321"
Roll No.,"3"
sheet id,"4321"